apple0001.jpeg, 0
apple0002.jpeg, 0
apple0003.jpeg, 0
apple0004.jpeg, 0
apple0005.jpeg, 0
apple0006.jpeg, 0
apple0007.jpeg, 0
apple0008.jpeg, 0
apple0009.jpeg, 0
apple0010.jpeg, 0
apple0011.jpeg, 0
apple0012.jpeg, 0
apple0013.jpeg, 0
apple0014.jpeg, 0
apple0015.jpeg, 0
apple0016.jpeg, 0
apple0017.jpeg, 0
apple0018.jpeg, 0
apple0019.jpeg, 0
apple0020.jpeg, 0
apple0021.jpeg, 0
apple0022.jpeg, 0
apple0023.jpeg, 0
apple0024.jpeg, 0
apple0025.jpeg, 0
apple0026.jpeg, 0
apple0027.jpeg, 0
apple0028.jpeg, 0
apple0029.jpeg, 0
apple0030.jpeg, 0
apple0031.jpeg, 0
apple0032.jpeg, 0
apple0033.jpeg, 0
apple0034.jpeg, 0
apple0035.jpeg, 0
apple0036.jpeg, 0
apple0037.jpeg, 0
apple0038.jpeg, 0
apple0039.jpeg, 0
apple0040.jpeg, 0
apple0041.jpeg, 0
apple0042.jpeg, 0
apple0043.jpeg, 0
apple0044.jpeg, 0
apple0045.jpeg, 0
apple0046.jpeg, 0
apple0047.jpeg, 0
apple0048.jpeg, 0
apple0049.jpeg, 0
apple0050.jpeg, 0
apple0051.jpeg, 0
apple0052.jpeg, 0
apple0053.jpeg, 0
apple0054.jpeg, 0
apple0055.jpeg, 0
apple0056.jpeg, 0
apple0057.jpeg, 0
apple0058.jpeg, 0
apple0059.jpeg, 0
apple0060.jpeg, 0
apple0061.jpeg, 0
apple0062.jpeg, 0
apple0063.jpeg, 0
apple0064.jpeg, 0
apple0065.jpeg, 0
apple0066.jpeg, 0
apple0067.jpeg, 0
apple0068.jpeg, 0
apple0069.jpeg, 0
apple0070.jpeg, 0
apple0071.jpeg, 0
apple0072.jpeg, 0
apple0073.jpeg, 0
apple0074.jpeg, 0
apple0075.jpeg, 0
apple0076.jpeg, 0
apple0077.jpeg, 0
apple0078.jpeg, 0
apple0079.jpeg, 0
apple0080.jpeg, 0
apple0081.jpeg, 0
apple0082.jpeg, 0
apple0083.jpeg, 0
apple0084.jpeg, 0
apple0085.jpeg, 0
apple0086.jpeg, 0
apple0087.jpeg, 0
apple0088.jpeg, 0
apple0089.jpeg, 0
apple0090.jpeg, 0
apple0091.jpeg, 0
apple0092.jpeg, 0
apple0093.jpeg, 0
apple0094.jpeg, 0
apple0095.jpeg, 0
apple0096.jpeg, 0
apple0097.jpeg, 0
apple0098.jpeg, 0
apple0099.jpeg, 0
apple0100.jpeg, 0
apple0101.jpeg, 0
apple0102.jpeg, 0
apple0103.jpeg, 0
apple0104.jpeg, 0
apple0105.jpeg, 0
apple0106.jpeg, 0
apple0107.jpeg, 0
apple0108.jpeg, 0
apple0109.jpeg, 0
apple0110.jpeg, 0
apple0111.jpeg, 0
apple0112.jpeg, 0
apple0113.jpeg, 0
apple0114.jpeg, 0
apple0115.jpeg, 0
apple0116.jpeg, 0
apple0117.jpeg, 0
apple0118.jpeg, 0
apple0119.jpeg, 0
apple0120.jpeg, 0
apple0121.jpeg, 0
apple0122.jpeg, 0
apple0123.jpeg, 0
apple0124.jpeg, 0
apple0125.jpeg, 0
apple0126.jpeg, 0
apple0127.jpeg, 0
apple0128.jpeg, 0
apple0129.jpeg, 0
apple0130.jpeg, 0
apple0131.jpeg, 0
apple0132.jpeg, 0
apple0133.jpeg, 0
apple0134.jpeg, 0
apple0135.jpeg, 0
apple0136.jpeg, 0
apple0137.jpeg, 0
apple0138.jpeg, 0
apple0139.jpeg, 0
apple0140.jpeg, 0
apple0141.jpeg, 0
apple0142.jpeg, 0
apple0143.jpeg, 0
apple0144.jpeg, 0
apple0145.jpeg, 0
apple0146.jpeg, 0
apple0147.jpeg, 0
apple0148.jpeg, 0
apple0149.jpeg, 0
apple0150.jpeg, 0
apple0151.jpeg, 0
apple0152.jpeg, 0
apple0153.jpeg, 0
apple0154.jpeg, 0
apple0155.jpeg, 0
apple0156.jpeg, 0
apple0157.jpeg, 0
apple0158.jpeg, 0
apple0159.jpeg, 0
apple0160.jpeg, 0
apple0161.jpeg, 0
apple0162.jpeg, 0
apple0163.jpeg, 0
apple0164.jpeg, 0
apple0165.jpeg, 0
apple0166.jpeg, 0
apple0167.jpeg, 0
apple0168.jpeg, 0
apple0169.jpeg, 0
apple0170.jpeg, 0
apple0171.jpeg, 0
apple0172.jpeg, 0
apple0173.jpeg, 0
apple0174.jpeg, 0
apple0175.jpeg, 0
apple0176.jpeg, 0
apple0177.jpeg, 0
apple0178.jpeg, 0
apple0179.jpeg, 0
apple0180.jpeg, 0
apple0181.jpeg, 0
apple0182.jpeg, 0
apple0183.jpeg, 0
apple0184.jpeg, 0
apple0185.jpeg, 0
apple0186.jpeg, 0
apple0187.jpeg, 0
apple0188.jpeg, 0
apple0189.jpeg, 0
apple0190.jpeg, 0
apple0191.jpeg, 0
apple0192.jpeg, 0
apple0193.jpeg, 0
apple0194.jpeg, 0
apple0195.jpeg, 0
apple0196.jpeg, 0
apple0197.jpeg, 0
apple0198.jpeg, 0
apple0199.jpeg, 0
apple0200.jpeg, 0
apple0201.jpeg, 0
apple0202.jpeg, 0
apple0203.jpeg, 0
apple0204.jpeg, 0
apple0205.jpeg, 0
apple0206.jpeg, 0
apple0207.jpeg, 0
apple0208.jpeg, 0
apple0209.jpeg, 0
apple0210.jpeg, 0
apple0211.jpeg, 0
apple0212.jpeg, 0
apple0213.jpeg, 0
apple0214.jpeg, 0
apple0215.jpeg, 0
apple0216.jpeg, 0
apple0217.jpeg, 0
apple0218.jpeg, 0
apple0219.jpeg, 0
apple0220.jpeg, 0
apple0221.jpeg, 0
apple0222.jpeg, 0
apple0223.jpeg, 0
apple0224.jpeg, 0
apple0225.jpeg, 0
apple0226.jpeg, 0
apple0227.jpeg, 0
apple0228.jpeg, 0
apple0229.jpeg, 0
apple0230.jpeg, 0
banana0001.jpeg, 1
banana0002.jpeg, 1
banana0003.jpeg, 1
banana0004.jpeg, 1
banana0005.jpeg, 1
banana0006.jpeg, 1
banana0007.jpeg, 1
banana0008.jpeg, 1
banana0009.jpeg, 1
banana0010.jpeg, 1
banana0011.jpeg, 1
banana0012.jpeg, 1
banana0013.jpeg, 1
banana0014.jpeg, 1
banana0015.jpeg, 1
banana0016.jpeg, 1
banana0017.jpeg, 1
banana0018.jpeg, 1
banana0019.jpeg, 1
banana0020.jpeg, 1
banana0021.jpeg, 1
banana0022.jpeg, 1
banana0023.jpeg, 1
banana0024.jpeg, 1
banana0025.jpeg, 1
banana0026.jpeg, 1
banana0027.jpeg, 1
banana0028.jpeg, 1
banana0029.jpeg, 1
banana0030.jpeg, 1
banana0031.jpeg, 1
banana0032.jpeg, 1
banana0033.jpeg, 1
banana0034.jpeg, 1
banana0035.jpeg, 1
banana0036.jpeg, 1
banana0037.jpeg, 1
banana0038.jpeg, 1
banana0039.jpeg, 1
banana0040.jpeg, 1
banana0041.jpeg, 1
banana0042.jpeg, 1
banana0043.jpeg, 1
banana0044.jpeg, 1
banana0045.jpeg, 1
banana0046.jpeg, 1
banana0047.jpeg, 1
banana0048.jpeg, 1
banana0049.jpeg, 1
banana0050.jpeg, 1
banana0051.jpeg, 1
banana0052.jpeg, 1
banana0053.jpeg, 1
banana0054.jpeg, 1
banana0055.jpeg, 1
banana0056.jpeg, 1
banana0057.jpeg, 1
banana0058.jpeg, 1
banana0059.jpeg, 1
banana0060.jpeg, 1
banana0061.jpeg, 1
banana0062.jpeg, 1
banana0063.jpeg, 1
banana0064.jpeg, 1
banana0065.jpeg, 1
banana0066.jpeg, 1
banana0067.jpeg, 1
banana0068.jpeg, 1
banana0069.jpeg, 1
banana0070.jpeg, 1
banana0071.jpeg, 1
banana0072.jpeg, 1
banana0073.jpeg, 1
banana0074.jpeg, 1
banana0075.jpeg, 1
banana0076.jpeg, 1
banana0077.jpeg, 1
banana0078.jpeg, 1
banana0079.jpeg, 1
banana0080.jpeg, 1
banana0081.jpeg, 1
banana0082.jpeg, 1
banana0083.jpeg, 1
banana0084.jpeg, 1
banana0085.jpeg, 1
banana0086.jpeg, 1
banana0087.jpeg, 1
banana0088.jpeg, 1
banana0089.jpeg, 1
banana0090.jpeg, 1
banana0091.jpeg, 1
banana0092.jpeg, 1
banana0093.jpeg, 1
banana0094.jpeg, 1
banana0095.jpeg, 1
banana0096.jpeg, 1
banana0097.jpeg, 1
banana0098.jpeg, 1
banana0099.jpeg, 1
banana0100.jpeg, 1
banana0101.jpeg, 1
banana0102.jpeg, 1
banana0103.jpeg, 1
banana0104.jpeg, 1
banana0105.jpeg, 1
banana0106.jpeg, 1
banana0107.jpeg, 1
banana0108.jpeg, 1
banana0109.jpeg, 1
banana0110.jpeg, 1
banana0111.jpeg, 1
banana0112.jpeg, 1
banana0113.jpeg, 1
banana0114.jpeg, 1
banana0115.jpeg, 1
banana0116.jpeg, 1
banana0117.jpeg, 1
banana0118.jpeg, 1
banana0119.jpeg, 1
banana0120.jpeg, 1
banana0121.jpeg, 1
banana0122.jpeg, 1
banana0123.jpeg, 1
banana0124.jpeg, 1
banana0125.jpeg, 1
banana0126.jpeg, 1
banana0127.jpeg, 1
banana0128.jpeg, 1
banana0129.jpeg, 1
banana0130.jpeg, 1
banana0131.jpeg, 1
banana0132.jpeg, 1
banana0133.jpeg, 1
banana0134.jpeg, 1
banana0135.jpeg, 1
banana0136.jpeg, 1
banana0137.jpeg, 1
banana0138.jpeg, 1
banana0139.jpeg, 1
banana0140.jpeg, 1
banana0141.jpeg, 1
banana0142.jpeg, 1
banana0143.jpeg, 1
banana0144.jpeg, 1
banana0145.jpeg, 1
banana0146.jpeg, 1
banana0147.jpeg, 1
banana0148.jpeg, 1
banana0149.jpeg, 1
banana0150.jpeg, 1
banana0151.jpeg, 1
banana0152.jpeg, 1
banana0153.jpeg, 1
banana0154.jpeg, 1
banana0155.jpeg, 1
banana0156.jpeg, 1
banana0157.jpeg, 1
banana0158.jpeg, 1
banana0159.jpeg, 1
banana0160.jpeg, 1
banana0161.jpeg, 1
banana0162.jpeg, 1
banana0163.jpeg, 1
banana0164.jpeg, 1
banana0165.jpeg, 1
banana0166.jpeg, 1
banana0167.jpeg, 1
banana0168.jpeg, 1
banana0169.jpeg, 1
banana0170.jpeg, 1
banana0171.jpeg, 1
banana0172.jpeg, 1
banana0173.jpeg, 1
banana0174.jpeg, 1
banana0175.jpeg, 1
banana0176.jpeg, 1
banana0177.jpeg, 1
banana0178.jpeg, 1
banana0179.jpeg, 1
banana0180.jpeg, 1
banana0181.jpeg, 1
banana0182.jpeg, 1
banana0183.jpeg, 1
banana0184.jpeg, 1
banana0185.jpeg, 1
banana0186.jpeg, 1
banana0187.jpeg, 1
banana0188.jpeg, 1
banana0189.jpeg, 1
banana0190.jpeg, 1
banana0191.jpeg, 1
banana0192.jpeg, 1
banana0193.jpeg, 1
banana0194.jpeg, 1
banana0195.jpeg, 1
banana0196.jpeg, 1
banana0197.jpeg, 1
banana0198.jpeg, 1
banana0199.jpeg, 1
banana0200.jpeg, 1
banana0201.jpeg, 1
banana0202.jpeg, 1
banana0203.jpeg, 1
banana0204.jpeg, 1
banana0205.jpeg, 1
banana0206.jpeg, 1
banana0207.jpeg, 1
banana0208.jpeg, 1
banana0209.jpeg, 1
banana0210.jpeg, 1
banana0211.jpeg, 1
banana0212.jpeg, 1
banana0213.jpeg, 1
banana0214.jpeg, 1
banana0215.jpeg, 1
banana0216.jpeg, 1
banana0217.jpeg, 1
banana0218.jpeg, 1
banana0219.jpeg, 1
banana0220.jpeg, 1
banana0221.jpeg, 1
banana0222.jpeg, 1
banana0223.jpeg, 1
banana0224.jpeg, 1
banana0225.jpeg, 1
banana0226.jpeg, 1
banana0227.jpeg, 1
banana0228.jpeg, 1
banana0229.jpeg, 1
banana0230.jpeg, 1
orange0001.jpeg, 2
orange0002.jpeg, 2
orange0003.jpeg, 2
orange0004.jpeg, 2
orange0005.jpeg, 2
orange0006.jpeg, 2
orange0007.jpeg, 2
orange0008.jpeg, 2
orange0009.jpeg, 2
orange0010.jpeg, 2
orange0011.jpeg, 2
orange0012.jpeg, 2
orange0013.jpeg, 2
orange0014.jpeg, 2
orange0015.jpeg, 2
orange0016.jpeg, 2
orange0017.jpeg, 2
orange0018.jpeg, 2
orange0019.jpeg, 2
orange0020.jpeg, 2
orange0021.jpeg, 2
orange0022.jpeg, 2
orange0023.jpeg, 2
orange0024.jpeg, 2
orange0025.jpeg, 2
orange0026.jpeg, 2
orange0027.jpeg, 2
orange0028.jpeg, 2
orange0029.jpeg, 2
orange0030.jpeg, 2
orange0031.jpeg, 2
orange0032.jpeg, 2
orange0033.jpeg, 2
orange0034.jpeg, 2
orange0035.jpeg, 2
orange0036.jpeg, 2
orange0037.jpeg, 2
orange0038.jpeg, 2
orange0039.jpeg, 2
orange0040.jpeg, 2
orange0041.jpeg, 2
orange0042.jpeg, 2
orange0043.jpeg, 2
orange0044.jpeg, 2
orange0045.jpeg, 2
orange0046.jpeg, 2
orange0047.jpeg, 2
orange0048.jpeg, 2
orange0049.jpeg, 2
orange0050.jpeg, 2
orange0051.jpeg, 2
orange0052.jpeg, 2
orange0053.jpeg, 2
orange0054.jpeg, 2
orange0055.jpeg, 2
orange0056.jpeg, 2
orange0057.jpeg, 2
orange0058.jpeg, 2
orange0059.jpeg, 2
orange0060.jpeg, 2
orange0061.jpeg, 2
orange0062.jpeg, 2
orange0063.jpeg, 2
orange0064.jpeg, 2
orange0065.jpeg, 2
orange0066.jpeg, 2
orange0067.jpeg, 2
orange0068.jpeg, 2
orange0069.jpeg, 2
orange0070.jpeg, 2
orange0071.jpeg, 2
orange0072.jpeg, 2
orange0073.jpeg, 2
orange0074.jpeg, 2
orange0075.jpeg, 2
orange0076.jpeg, 2
orange0077.jpeg, 2
orange0078.jpeg, 2
orange0079.jpeg, 2
orange0080.jpeg, 2
orange0081.jpeg, 2
orange0082.jpeg, 2
orange0083.jpeg, 2
orange0084.jpeg, 2
orange0085.jpeg, 2
orange0086.jpeg, 2
orange0087.jpeg, 2
orange0088.jpeg, 2
orange0089.jpeg, 2
orange0090.jpeg, 2
orange0091.jpeg, 2
orange0092.jpeg, 2
orange0093.jpeg, 2
orange0094.jpeg, 2
orange0095.jpeg, 2
orange0096.jpeg, 2
orange0097.jpeg, 2
orange0098.jpeg, 2
orange0099.jpeg, 2
orange0100.jpeg, 2
orange0101.jpeg, 2
orange0102.jpeg, 2
orange0103.jpeg, 2
orange0104.jpeg, 2
orange0105.jpeg, 2
orange0106.jpeg, 2
orange0107.jpeg, 2
orange0108.jpeg, 2
orange0109.jpeg, 2
orange0110.jpeg, 2
orange0111.jpeg, 2
orange0112.jpeg, 2
orange0113.jpeg, 2
orange0114.jpeg, 2
orange0115.jpeg, 2
orange0116.jpeg, 2
orange0117.jpeg, 2
orange0118.jpeg, 2
orange0119.jpeg, 2
orange0120.jpeg, 2
orange0121.jpeg, 2
orange0122.jpeg, 2
orange0123.jpeg, 2
orange0124.jpeg, 2
orange0125.jpeg, 2
orange0126.jpeg, 2
orange0127.jpeg, 2
orange0128.jpeg, 2
orange0129.jpeg, 2
orange0130.jpeg, 2
orange0131.jpeg, 2
orange0132.jpeg, 2
orange0133.jpeg, 2
orange0134.jpeg, 2
orange0135.jpeg, 2
orange0136.jpeg, 2
orange0137.jpeg, 2
orange0138.jpeg, 2
orange0139.jpeg, 2
orange0140.jpeg, 2
orange0141.jpeg, 2
orange0142.jpeg, 2
orange0143.jpeg, 2
orange0144.jpeg, 2
orange0145.jpeg, 2
orange0146.jpeg, 2
orange0147.jpeg, 2
orange0148.jpeg, 2
orange0149.jpeg, 2
orange0150.jpeg, 2
orange0151.jpeg, 2
orange0152.jpeg, 2
orange0153.jpeg, 2
orange0154.jpeg, 2
orange0155.jpeg, 2
orange0156.jpeg, 2
orange0157.jpeg, 2
orange0158.jpeg, 2
orange0159.jpeg, 2
orange0160.jpeg, 2
orange0161.jpeg, 2
orange0162.jpeg, 2
orange0163.jpeg, 2
orange0164.jpeg, 2
orange0165.jpeg, 2
orange0166.jpeg, 2
orange0167.jpeg, 2
orange0168.jpeg, 2
orange0169.jpeg, 2
orange0170.jpeg, 2
orange0171.jpeg, 2
orange0172.jpeg, 2
orange0173.jpeg, 2
orange0174.jpeg, 2
orange0175.jpeg, 2
orange0176.jpeg, 2
orange0177.jpeg, 2
orange0178.jpeg, 2
orange0179.jpeg, 2
orange0180.jpeg, 2
orange0181.jpeg, 2
orange0182.jpeg, 2
orange0183.jpeg, 2
orange0184.jpeg, 2
orange0185.jpeg, 2
orange0186.jpeg, 2
orange0187.jpeg, 2
orange0188.jpeg, 2
orange0189.jpeg, 2
orange0190.jpeg, 2
orange0191.jpeg, 2
orange0192.jpeg, 2
orange0193.jpeg, 2
orange0194.jpeg, 2
orange0195.jpeg, 2
orange0196.jpeg, 2
orange0197.jpeg, 2
orange0198.jpeg, 2
orange0199.jpeg, 2
orange0200.jpeg, 2
orange0201.jpeg, 2
orange0202.jpeg, 2
orange0203.jpeg, 2
orange0204.jpeg, 2
orange0205.jpeg, 2
orange0206.jpeg, 2
orange0207.jpeg, 2
orange0208.jpeg, 2
orange0209.jpeg, 2
orange0210.jpeg, 2
orange0211.jpeg, 2
orange0212.jpeg, 2
orange0213.jpeg, 2
orange0214.jpeg, 2
orange0215.jpeg, 2
orange0216.jpeg, 2
orange0217.jpeg, 2
orange0218.jpeg, 2
orange0219.jpeg, 2
orange0220.jpeg, 2
orange0221.jpeg, 2
orange0222.jpeg, 2
orange0223.jpeg, 2
orange0224.jpeg, 2
orange0225.jpeg, 2
orange0226.jpeg, 2
orange0227.jpeg, 2
orange0228.jpeg, 2
orange0229.jpeg, 2
orange0230.jpeg, 2
